step,altitude,speed,distance,ata,aspect_angle,aileron,elevator,throttle
1,6095.81,360.71,11054.3,0.551,179.679,0.55,0.8,0.9
2,6094.77,363.23,10956.4,1.764,179.859,0.55,0.8,0.9
3,6092.81,363.28,10858.49,2.662,179.946,0.55,-0.9,0.4
4,6090.34,363.2,10760.71,2.944,179.837,0.55,-0.9,0.4
5,6087.83,362.19,10663.11,2.982,179.362,0.15,-0.9,0.4
6,6085.5,360.71,10565.9,3.604,178.859,0.15,-0.9,0.4
7,6083.25,359.16,10469.08,4.802,178.825,0.15,-0.9,0.4
8,6081.0,357.61,10372.67,6.335,178.792,0.15,-0.9,0.4
9,6078.62,356.13,10276.79,8.057,179.007,0.15,-0.9,0.4
10,6075.98,356.53,10181.29,9.923,179.339,0.15,-0.9,0.8655
11,6072.94,357.06,10086.18,11.859,179.478,0.15,-0.9,0.8655
12,6069.33,357.2,9991.44,14.139,179.368,-0.25,-0.9,0.8655
13,6065.08,357.0,9897.19,16.684,179.018,-0.25,-0.9,0.8655
14,6060.31,357.02,9803.57,19.111,178.378,-0.25,-0.9,0.8655
15,6055.21,357.13,9710.67,21.469,177.998,-0.25,-0.9,0.8655
16,6050.0,356.42,9618.55,23.471,177.903,0.15,-0.9,0.4
17,6044.66,355.99,9527.13,25.328,177.551,0.15,-0.9,0.4
18,6039.15,355.42,9436.43,27.336,176.805,0.15,-0.9,0.4
19,6033.37,356.18,9346.54,29.437,176.346,0.15,-0.9,0.8655
20,6027.18,356.62,9257.55,31.876,176.236,-0.25,-0.9,0.8655
21,6020.62,356.75,9169.72,34.541,175.803,-0.25,-0.9,0.8655
22,6013.83,357.08,9083.07,37.044,175.194,-0.25,-0.9,0.8655
23,6007.06,357.44,8997.68,39.429,174.651,-0.25,-0.9,0.8655
24,6000.48,358.28,8913.41,41.459,174.285,0.15,-0.9,0.8655
25,5994.08,359.04,8830.09,43.535,174.335,-0.25,-0.9,0.8655
26,5988.12,359.21,8748.03,45.82,174.284,-0.25,-0.9,0.8655
27,5982.8,359.45,8667.25,47.883,173.978,-0.25,-0.9,0.8655
28,5978.37,359.24,8587.75,49.867,173.644,-0.65,-0.8,0.8655
29,5975.24,359.12,8509.48,51.386,172.887,-0.25,-0.8,0.8655
30,5973.24,359.96,8431.98,52.404,172.567,0.15,-0.8,0.8655
31,5972.06,361.0,8354.97,53.365,172.483,0.15,-0.8,0.8655
32,5971.88,361.19,8278.52,54.521,172.329,-0.3,-0.8,0.8655
33,5973.15,360.23,8202.81,55.588,172.468,-0.3,-0.8,0.6414
34,5975.87,359.34,8127.76,56.296,172.545,-0.3,0.6,0.6414
35,5979.53,358.9,8053.09,56.738,172.781,0.15,0.6,0.4
36,5983.34,359.0,7978.69,57.19,173.328,0.15,0.8,0.4
37,5987.02,359.13,7904.56,57.634,173.638,0.15,0.8,0.4
38,5990.42,359.38,7830.65,58.07,173.798,0.15,0.8,0.4
39,5993.4,359.71,7756.95,58.486,173.88,0.15,0.8,0.4
40,5995.9,359.6,7683.54,58.902,173.885,-0.05,0.75,0.4
41,5997.85,359.82,7610.49,59.275,173.741,0.15,0.75,0.4
42,5998.93,360.1,7537.73,59.637,173.445,0.15,0.75,0.4
43,5999.12,360.44,7465.28,59.97,173.107,0.15,0.75,0.4172
44,5998.41,360.66,7393.1,60.305,172.73,0.15,-0.9,0.4172
45,5997.13,360.95,7321.3,60.828,172.37,0.15,-0.9,0.4172
46,5996.08,360.57,7250.08,61.703,172.048,-0.3,-0.9,0.4172
47,5996.02,359.4,7179.62,62.526,171.683,-0.3,-0.45,0.4172
48,5996.78,358.7,7109.77,63.055,171.29,-0.3,0.6,0.4
49,5997.9,358.72,7040.38,63.51,170.971,0.15,0.8,0.4
50,5998.72,359.3,6971.39,64.048,170.643,0.15,0.8,0.4
51,5999.08,359.8,6902.88,64.585,170.312,0.15,0.75,0.4
52,5998.86,360.27,6834.86,65.124,169.957,0.15,0.75,0.4
53,5997.97,360.57,6767.25,65.657,169.647,0.15,-0.35,0.4
54,5996.66,361.68,6700.12,66.218,169.351,0.15,-0.8,0.6759
55,5995.53,361.59,6633.47,66.857,168.969,-0.1,-0.8,0.4172
56,5995.15,360.86,6567.42,67.464,168.545,-0.3,-0.45,0.4172
57,5995.59,360.37,6501.89,67.959,168.091,0.15,0.75,0.4
58,5996.2,360.6,6436.92,68.516,167.681,0.15,0.8,0.4
59,5996.64,360.87,6372.48,69.084,167.296,0.15,0.75,0.4
60,5996.76,361.38,6308.54,69.654,166.868,0.15,0.75,0.4517
61,5996.51,361.43,6245.18,70.245,166.439,-0.2,-0.05,0.4517
62,5996.15,361.62,6182.47,70.841,166.177,0.15,-0.3,0.4
63,5995.59,361.92,6120.39,71.469,166.317,0.15,-0.7,0.4
64,5995.26,361.62,6058.96,72.162,166.942,-0.3,-0.45,0.4517
65,5995.65,360.84,5998.11,72.743,168.105,-0.3,-0.3,0.4172
66,5996.66,360.48,5937.61,73.239,169.346,0.15,0.75,0.4
67,5997.66,360.73,5877.41,73.824,170.201,0.15,0.8,0.4
68,5998.41,360.99,5817.51,74.416,170.689,0.15,0.75,0.4
69,5998.74,361.34,5758.0,75.015,171.197,0.15,0.75,0.4
70,5998.54,361.71,5698.9,75.607,171.745,0.15,-0.05,0.4517
71,5998.03,361.88,5640.21,76.241,171.866,-0.2,-0.45,0.4517
72,5997.62,362.0,5581.94,76.874,171.74,0.15,-0.3,0.4172
73,5997.2,362.32,5524.11,77.533,171.517,0.15,-0.45,0.4
74,5997.0,362.07,5466.79,78.249,171.248,-0.3,-0.05,0.4517
75,5997.38,361.3,5410.08,78.869,170.967,-0.3,-0.3,0.4172
76,5998.27,360.98,5353.9,79.426,170.62,0.15,0.75,0.4
77,5999.13,361.21,5298.34,80.082,170.269,0.15,0.8,0.4
78,5999.64,361.43,5243.44,80.76,169.828,0.15,0.75,0.4
79,5999.64,361.75,5189.26,81.44,169.335,0.15,0.75,0.4
80,5999.11,361.51,5135.83,82.129,168.741,-0.2,-0.05,0.4517
81,5998.34,361.62,5083.16,82.81,168.033,0.15,-0.35,0.4
82,5997.3,361.92,5031.33,83.532,167.353,0.15,-0.85,0.4
83,5996.53,361.59,4980.38,84.316,166.846,-0.7,-0.45,0.4517
84,5996.53,361.16,4930.18,85.031,166.903,0.15,-0.3,0.4172
85,5996.9,361.23,4880.5,85.783,167.716,0.15,0.75,0.4
86,5997.45,361.08,4831.26,86.545,169.049,0.0,0.9,0.4517
87,5998.14,360.58,4782.42,87.276,170.208,-0.55,0.75,0.4172
88,5998.95,359.96,4733.97,87.945,170.834,0.15,0.75,0.4
89,5999.33,360.26,4685.93,88.698,171.093,0.55,0.3,0.4
90,5998.89,360.68,4638.3,89.413,171.525,0.15,-0.05,0.4517
91,5998.12,360.57,4591.12,90.215,172.097,-0.2,-0.75,0.4517
92,5997.63,360.44,4544.54,91.036,172.864,-0.1,-0.3,0.4172
93,5997.44,360.61,4498.62,91.815,174.032,0.15,-0.3,0.4172
94,5997.43,360.53,4453.46,92.593,175.462,-0.3,-0.05,0.4345
95,5997.78,360.48,4409.08,93.303,176.46,0.15,0.75,0.4345
96,5997.96,360.89,4365.37,94.029,176.584,0.15,0.75,0.4
97,5997.86,360.79,4322.23,94.748,176.365,-0.35,-0.05,0.4517
98,5997.76,360.63,4279.52,95.422,176.079,0.15,-0.35,0.4
99,5997.55,360.96,4237.21,96.142,175.969,0.15,-0.35,0.4
100,5997.35,361.22,4195.24,96.894,175.804,0.15,-0.05,0.4345
101,5997.28,360.99,4153.73,97.699,175.316,-0.3,-0.05,0.4172
102,5997.6,360.77,4112.77,98.475,174.637,0.15,-0.3,0.4345
103,5998.07,361.0,4072.53,99.28,174.079,0.15,0.75,0.4345
104,5998.53,360.86,4033.08,100.098,173.661,-0.3,-0.05,0.4345
105,5999.05,360.54,3994.38,100.894,173.089,0.15,-0.3,0.4345
106,5999.53,360.88,3956.56,101.738,172.467,0.15,-0.3,0.4345
107,6000.17,360.67,3919.63,102.632,171.729,-0.3,-0.05,0.4517
108,6001.14,360.53,3883.61,103.483,170.867,0.15,0.75,0.4345
109,6001.89,361.05,3848.52,104.334,169.71,0.15,0.75,0.4345
110,6002.29,360.87,3814.35,105.225,168.56,-0.2,-0.05,0.4345
111,6002.62,360.9,3781.1,106.106,167.771,0.15,-0.3,0.4172
112,6002.84,360.93,3748.7,107.04,167.403,-0.1,-0.3,0.4172
113,6003.35,360.29,3717.15,107.98,167.628,-0.3,-0.3,0.4172
114,6004.26,359.89,3686.32,108.853,168.397,0.15,0.75,0.4
115,6004.97,360.25,3656.11,109.756,169.497,0.15,0.8,0.4345
116,6005.22,360.63,3626.44,110.628,170.426,0.15,0.85,0.4345
117,6004.94,360.48,3597.31,111.493,170.85,-0.2,-0.05,0.4345
118,6004.38,360.43,3568.79,112.343,170.946,0.15,-0.3,0.4345
119,6003.63,360.62,3540.92,113.233,171.316,-0.2,-0.65,0.4345
120,6003.19,360.64,3513.71,114.113,171.803,0.15,-0.3,0.4345
121,6002.87,360.98,3487.21,115.004,172.285,0.15,0.75,0.4345
122,6002.51,360.84,3461.43,115.906,172.898,-0.2,-0.05,0.4345
123,6002.33,360.86,3436.41,116.786,173.525,0.15,-0.3,0.4345
124,6002.26,360.8,3412.25,117.66,173.895,-0.2,-0.3,0.4345
125,6002.57,360.7,3388.8,118.495,173.794,0.15,-0.3,0.4345
126,6003.01,360.87,3365.98,119.332,173.492,0.15,0.85,0.4345
127,6003.39,360.72,3343.68,120.169,173.121,-0.3,0.9,0.4345
128,6003.76,360.42,3321.78,120.984,172.947,0.15,-0.3,0.4345
129,6004.06,360.78,3300.21,121.844,172.972,0.15,-0.3,0.4345
130,6004.5,360.53,3278.95,122.756,172.875,-0.3,-0.05,0.4345
131,6005.34,359.92,3258.07,123.594,172.384,-0.3,0.85,0.4345
132,6006.25,359.85,3237.68,124.423,171.539,0.15,0.65,0.4
133,6006.67,360.26,3218.03,125.318,170.715,0.15,0.3,0.4345
134,6006.46,360.68,3199.1,126.193,170.221,0.15,0.75,0.4345
135,6005.66,360.51,3180.79,127.065,169.892,-0.2,-0.05,0.4345
136,6004.61,360.61,3163.07,127.929,169.525,0.15,-0.65,0.4345
137,6003.39,361.18,3146.13,128.834,168.921,0.15,-0.65,0.4345
138,6002.4,360.99,3130.13,129.802,168.209,-0.2,-0.05,0.4345
139,6001.95,360.89,3115.07,130.732,167.502,0.15,-0.3,0.4345
140,6001.66,361.22,3100.91,131.69,166.673,0.15,0.85,0.4345
141,6001.56,361.03,3087.7,132.684,165.855,-0.3,-0.05,0.4345
142,6001.85,360.73,3075.38,133.642,165.142,0.15,-0.3,0.4345
143,6002.49,360.3,3063.83,134.598,164.893,-0.3,0.85,0.4345
144,6003.5,360.07,3052.74,135.491,165.318,0.15,0.85,0.4345
145,6004.16,360.41,3042.04,136.405,166.352,0.15,0.75,0.4345
146,6004.38,360.35,3031.66,137.28,167.481,-0.2,-0.05,0.4345
147,6004.48,360.44,3021.48,138.113,168.184,0.15,-0.3,0.4345
148,6004.3,360.98,3011.57,138.948,168.773,0.15,-0.05,0.4345
149,6004.0,360.97,3001.92,139.801,169.84,-0.2,-0.05,0.4345
150,6003.87,361.0,2992.56,140.587,171.608,0.15,-0.3,0.4345
151,6003.79,360.97,2983.63,141.35,173.408,-0.2,-0.05,0.4345
152,6003.95,361.07,2975.06,142.064,174.64,0.55,-0.6,0.5379
153,6004.18,363.01,2966.84,142.814,175.379,0.55,-0.9,0.8138
154,6004.52,364.02,2959.05,143.751,176.042,0.55,-0.9,0.5207
155,6005.23,364.61,2951.78,145.04,176.289,0.55,-0.9,0.5379
156,6006.31,364.66,2945.13,146.606,176.125,0.55,-0.9,0.4
157,6007.54,365.38,2939.23,148.601,175.804,0.15,-0.9,0.8655
158,6008.76,365.81,2934.35,150.906,175.393,0.15,-0.9,0.8655
159,6009.7,366.42,2930.57,153.144,175.073,0.15,-0.9,0.8655
160,6010.12,366.64,2927.8,155.608,174.819,-0.25,-0.9,0.8655
161,6009.78,366.46,2926.04,158.294,174.535,-0.25,-0.9,0.8655
162,6008.73,366.49,2925.24,160.852,174.301,-0.25,-0.9,0.8655
163,6007.1,366.54,2925.29,163.394,174.048,-0.25,-0.9,0.8655
164,6005.04,366.6,2926.08,165.913,173.735,-0.25,-0.9,0.8655
165,6002.76,366.68,2927.56,168.392,173.386,-0.25,-0.9,0.8655
166,6000.43,367.21,2929.57,170.534,173.246,0.15,-0.9,0.8655
167,5998.04,368.01,2931.96,172.456,173.166,0.15,-0.9,0.8655
168,5995.56,368.18,2934.54,174.638,173.051,-0.25,-0.9,0.8655
169,5993.07,367.97,2937.23,176.751,173.133,-0.25,-0.9,0.8655
170,5990.71,368.35,2940.03,177.759,173.301,0.15,-0.9,0.8655
171,5988.45,369.02,2942.92,177.138,173.333,0.15,-0.9,0.8655
172,5986.21,369.53,2945.77,175.531,173.293,0.15,-0.9,0.8655
173,5983.91,369.54,2948.51,173.383,173.276,-0.25,-0.9,0.8655
174,5981.62,369.2,2950.89,171.049,173.416,-0.25,-0.9,0.8655
175,5979.47,369.47,2952.89,169.121,173.642,0.15,-0.9,0.8655
176,5977.4,370.06,2954.54,167.358,173.715,0.15,-0.9,0.8655
177,5975.33,370.51,2955.82,165.495,173.848,0.15,-0.9,0.8655
178,5973.16,370.49,2956.71,163.338,174.043,-0.25,-0.9,0.8655
179,5970.93,370.13,2956.94,161.047,174.303,-0.25,-0.9,0.8655
180,5968.78,370.38,2956.54,159.21,174.61,0.15,-0.9,0.8655
181,5966.66,369.71,2955.55,157.603,174.804,0.15,-0.9,0.4
182,5964.46,368.66,2953.82,155.927,175.183,0.15,-0.9,0.4
183,5962.08,368.5,2951.37,153.932,175.695,-0.25,-0.9,0.8655
184,5959.55,368.12,2948.04,151.786,176.046,-0.25,-0.9,0.8655
185,5957.0,367.08,2943.76,150.123,176.146,0.15,-0.9,0.4
186,5954.39,366.22,2938.7,148.684,176.401,0.15,-0.9,0.4
187,5951.66,364.8,2932.81,146.894,176.814,-0.25,-0.9,0.4
188,5948.87,364.38,2925.81,144.924,177.082,-0.25,-0.9,0.8655
189,5946.16,363.31,2917.72,143.445,177.334,0.15,-0.9,0.4
190,5943.48,362.5,2908.77,142.181,177.524,0.15,-0.9,0.4
191,5940.77,361.58,2899.0,140.834,177.552,0.15,-0.9,0.4
192,5937.93,361.53,2888.42,139.158,177.397,-0.25,-0.9,0.8655
193,5935.01,361.25,2876.79,137.323,177.483,-0.25,-0.9,0.8655
194,5932.16,360.3,2864.2,135.986,177.196,0.15,-0.9,0.4
195,5929.32,359.54,2850.85,134.881,176.25,0.15,-0.9,0.4
196,5926.43,358.66,2836.77,133.699,175.521,0.15,-0.9,0.4
197,5923.4,358.67,2821.92,132.188,174.997,-0.25,-0.9,0.8655
198,5920.27,358.43,2806.06,130.51,174.272,-0.25,-0.9,0.8655
199,5917.23,358.41,2789.17,129.045,173.509,-0.25,-0.9,0.8655
200,5914.44,358.89,2771.5,127.994,172.688,0.15,-0.9,0.8655
201,5911.84,359.67,2753.41,127.138,171.647,0.15,-0.9,0.8655
202,5909.41,359.8,2734.76,125.911,170.476,-0.25,-0.9,0.8655
203,5907.34,359.54,2715.24,124.566,169.552,-0.25,-0.9,0.8655
204,5905.83,358.95,2694.86,123.259,168.909,-0.65,-0.8,0.8655
205,5905.37,357.99,2673.58,122.235,168.524,-0.65,-0.8,0.8655
206,5906.22,357.77,2651.9,122.085,168.337,0.15,-0.8,0.8655
207,5908.12,358.39,2630.39,122.355,168.301,0.15,-0.8,0.8483
208,5910.82,358.99,2609.21,122.617,168.387,0.15,-0.8,0.8483
209,5914.5,358.87,2588.24,122.634,168.574,-0.3,-0.8,0.8655
210,5919.56,358.16,2567.3,122.68,168.853,-0.3,-0.8,0.8655
211,5926.07,356.95,2546.53,123.067,169.227,-0.3,-0.9,0.6414
212,5934.0,356.19,2526.14,123.786,169.7,-0.3,0.6,0.8483
213,5942.86,355.32,2506.37,124.773,170.273,-0.05,0.8,0.4
214,5951.87,354.66,2487.29,125.78,170.937,-0.05,0.8,0.4
215,5960.72,354.52,2468.89,126.707,171.68,0.15,0.8,0.4
216,5969.1,354.47,2451.06,127.6,172.801,0.15,0.8,0.4
217,5976.93,354.42,2433.75,128.464,174.4,0.15,0.8,0.4
218,5984.11,354.37,2417.04,129.295,175.506,0.15,0.8,0.4
219,5990.54,354.32,2400.99,130.103,175.176,0.15,0.8,0.4
220,5996.14,354.31,2385.63,130.907,174.012,0.15,0.8,0.4
221,6000.87,354.33,2370.91,131.729,172.993,0.15,0.8,0.4
222,6004.65,354.4,2356.8,132.583,172.268,0.15,0.8,0.4
223,6007.55,354.11,2343.23,133.455,172.136,-0.05,0.8,0.4
224,6009.56,354.22,2330.13,134.337,172.378,0.15,0.75,0.4
225,6010.35,355.04,2317.56,135.258,172.452,0.55,0.75,0.4
226,6009.72,356.0,2305.62,136.27,172.391,-0.2,0.45,0.4517
227,6007.96,356.99,2294.34,137.239,172.159,0.15,-0.8,0.5379
228,6005.45,357.5,2283.6,138.075,171.801,0.15,-0.9,0.4
229,6003.16,357.24,2273.16,138.745,171.036,-0.3,-0.9,0.4172
230,6001.89,356.13,2262.99,139.518,170.3,-0.3,-0.45,0.4172
231,6001.4,355.98,2253.27,140.451,170.046,0.15,0.8,0.4
232,6001.0,356.47,2244.17,141.334,169.877,0.15,0.8,0.4
233,6000.45,356.93,2235.66,142.209,169.872,0.15,0.8,0.4
234,5999.58,357.59,2227.78,143.075,169.66,0.15,0.8,0.4517
235,5998.26,358.21,2220.6,143.926,168.921,0.15,-0.45,0.4517
236,5996.72,358.67,2214.11,144.683,167.94,0.15,-0.8,0.4172
237,5995.47,358.35,2208.1,145.279,166.976,-0.3,-0.45,0.4172
238,5994.96,357.58,2202.42,145.958,166.334,-0.3,-0.45,0.4172
239,5995.14,357.29,2197.15,146.785,165.852,0.15,0.75,0.4
240,5995.64,357.28,2192.39,147.624,165.43,0.15,0.8,0.4
241,5996.13,357.42,2188.09,148.483,165.257,0.15,0.8,0.4
242,5996.49,357.32,2184.12,149.334,165.203,-0.3,0.9,0.4517
243,5996.78,357.12,2180.41,150.246,164.702,0.15,-0.3,0.4172
244,5996.7,357.45,2177.11,151.155,163.792,0.15,0.8,0.4
245,5996.54,357.32,2174.21,152.003,162.581,-0.3,-0.45,0.4517
246,5996.79,357.05,2171.68,152.885,161.128,0.15,-0.3,0.4
247,5997.19,357.16,2169.75,153.802,159.937,0.15,0.8,0.4
248,5997.57,356.98,2168.37,154.717,159.513,-0.3,0.9,0.4517
249,5997.95,356.81,2167.29,155.678,159.772,0.15,0.75,0.4
250,5997.83,357.16,2166.5,156.634,160.209,0.15,0.8,0.4
251,5997.14,356.86,2165.95,157.53,160.826,-0.2,-0.45,0.4517
252,5996.34,356.76,2165.51,158.355,161.511,0.15,-0.9,0.4
253,5995.67,356.84,2165.13,159.085,162.53,0.15,-0.45,0.4
254,5995.38,356.38,2164.61,159.729,163.816,-0.3,0.9,0.4517
255,5995.46,355.73,2163.9,160.454,165.074,-0.3,-0.3,0.4172
256,5995.59,355.63,2163.1,161.18,166.355,0.15,0.8,0.4
257,5995.41,356.41,2162.41,161.808,167.686,0.55,0.8,0.4
258,5994.48,357.42,2161.91,162.39,169.07,0.15,0.8,0.4
259,5992.94,357.16,2161.44,162.9,170.522,-0.7,-0.75,0.4517
260,5991.37,357.13,2160.82,163.343,171.962,0.15,-0.8,0.4172
261,5990.24,356.7,2160.09,163.694,173.073,-0.1,-0.45,0.4172
262,5990.09,355.52,2159.1,164.018,174.069,-0.3,-0.45,0.4172
263,5990.74,355.17,2157.93,164.435,175.484,0.15,0.75,0.4
264,5991.47,355.5,2156.8,164.807,176.807,0.15,0.8,0.4
265,5992.01,355.94,2155.81,165.157,176.92,0.15,0.8,0.4517
266,5992.3,355.95,2155.02,165.454,175.916,-0.35,-0.05,0.4517
267,5992.65,355.94,2154.43,165.758,175.021,0.15,-0.3,0.4172
268,5992.89,356.3,2153.98,166.048,174.804,0.15,-0.35,0.4
269,5993.19,356.11,2153.57,166.289,175.172,-0.3,-0.05,0.4517
270,5993.86,355.8,2153.08,166.555,175.585,0.15,-0.3,0.4172
271,5994.69,355.84,2152.56,166.823,176.038,0.15,0.8,0.4
272,5995.54,355.61,2152.01,167.094,176.452,-0.3,0.9,0.4517
273,5996.39,355.49,2151.42,167.44,176.688,0.15,0.75,0.4345
274,5996.76,355.79,2150.88,167.817,176.596,0.15,0.8,0.4
275,5996.56,355.53,2150.44,168.146,176.299,-0.2,-0.05,0.4517
276,5996.09,355.56,2150.01,168.476,175.635,0.15,-0.3,0.4172
277,5995.26,356.33,2149.71,168.76,174.951,0.15,-0.45,0.5379
278,5994.4,356.3,2149.57,168.992,174.49,-0.3,-0.45,0.4172
279,5994.04,355.68,2149.39,169.281,174.265,-0.3,-0.3,0.4172
280,5994.13,355.43,2149.19,169.632,174.271,0.15,0.8,0.4
281,5994.07,355.8,2149.08,169.924,174.217,0.15,0.8,0.4
282,5993.68,355.91,2149.04,170.208,174.05,0.15,-0.35,0.4
283,5993.32,355.72,2149.06,170.485,173.848,-0.2,-0.05,0.4517
284,5993.45,355.6,2149.12,170.797,173.523,0.15,-0.3,0.4345
285,5993.75,356.09,2149.23,171.07,173.278,0.15,0.8,0.5207
286,5994.16,356.03,2149.41,171.335,173.286,-0.3,-0.05,0.4517
287,5994.72,355.76,2149.65,171.644,173.115,0.15,-0.3,0.4345
288,5995.29,356.12,2149.96,171.915,172.824,0.15,0.8,0.4345
289,5996.11,355.84,2150.31,172.119,172.611,-0.3,-0.05,0.4517
290,5997.28,355.7,2150.72,172.405,172.432,0.15,0.75,0.4345
291,5998.26,356.25,2151.24,172.754,172.245,0.15,0.75,0.4345
292,5998.92,356.17,2151.92,173.044,172.035,-0.35,-0.05,0.4517
293,5999.58,356.17,2152.69,173.364,171.719,0.15,-0.3,0.4345
294,6000.05,356.57,2153.59,173.673,171.392,0.15,0.8,0.4345
295,6000.22,356.56,2154.56,173.975,171.223,-0.3,-0.05,0.4517
296,6000.18,356.15,2155.47,174.268,171.377,0.15,-0.3,0.4345
297,5999.87,356.88,2156.53,174.521,171.511,0.15,-0.65,0.5379
298,5999.64,356.75,2157.76,174.769,171.288,-0.3,-0.05,0.4517
299,5999.68,356.58,2159.07,175.036,170.885,0.15,-0.3,0.4345
300,5999.73,356.97,2160.53,175.266,170.625,0.15,-0.3,0.4345
301,6000.0,356.74,2161.98,175.415,170.677,-0.3,-0.05,0.4517
302,6000.63,356.72,2163.24,175.608,170.574,0.55,-0.3,0.5207
303,6001.38,358.48,2164.51,175.786,170.247,0.55,-0.9,0.8138
304,6002.24,359.5,2166.0,175.763,170.029,0.55,-0.9,0.5207
305,6003.42,360.02,2167.64,175.327,169.911,0.55,-0.9,0.5207
306,6004.95,361.31,2169.37,174.644,169.896,0.55,-0.9,0.8655
307,6006.68,362.21,2171.27,173.621,169.907,0.15,-0.9,0.8655
308,6008.42,362.7,2173.3,172.341,169.66,0.15,-0.9,0.8655
309,6009.96,363.3,2175.38,171.147,169.327,0.15,-0.9,0.8655
310,6011.05,363.47,2177.38,169.702,168.944,-0.25,-0.9,0.8655
311,6011.51,363.24,2179.03,167.959,168.234,-0.25,-0.9,0.8655
312,6011.38,363.19,2180.36,166.288,167.612,-0.25,-0.9,0.8655
313,6010.81,363.15,2181.4,164.621,167.6,-0.25,-0.9,0.8655
314,6009.97,363.12,2182.04,162.99,167.974,-0.25,-0.9,0.8655
315,6009.03,363.55,2182.31,161.69,168.465,0.15,-0.9,0.8655
316,6007.98,364.27,2182.35,160.555,169.141,0.15,-0.9,0.8655
317,6006.75,364.38,2182.06,159.022,169.915,-0.25,-0.9,0.8655
318,6005.41,364.13,2181.23,157.299,170.756,-0.25,-0.9,0.8655
319,6004.1,364.46,2179.9,155.995,171.651,0.15,-0.9,0.8655
320,6002.78,365.1,2178.17,154.857,172.866,0.15,-0.9,0.8655
321,6001.37,365.61,2175.99,153.591,174.138,0.15,-0.9,0.8655
322,5999.79,365.64,2173.29,151.992,174.746,-0.25,-0.9,0.8655
323,5998.06,365.31,2169.89,150.204,174.485,-0.25,-0.9,0.8655
324,5996.34,365.61,2165.91,148.845,173.534,0.15,-0.9,0.8655
325,5994.56,366.24,2161.6,147.687,172.622,0.15,-0.9,0.8655
326,5992.67,366.75,2156.81,146.454,171.986,0.15,-0.9,0.8655
327,5990.55,366.8,2151.42,144.942,171.555,-0.25,-0.9,0.8655
328,5988.22,366.51,2145.13,143.274,171.59,-0.25,-0.9,0.8655
329,5985.84,366.39,2137.85,141.808,172.0,-0.25,-0.9,0.8655
330,5983.61,366.77,2129.8,140.745,172.226,0.15,-0.9,0.8655
331,5981.47,366.18,2121.28,139.905,172.094,0.15,-0.9,0.4
332,5979.37,366.53,2112.3,138.954,171.868,0.15,-0.9,0.8655
333,5977.2,366.96,2102.85,137.999,171.623,0.15,-0.9,0.8655
334,5974.84,366.99,2092.84,136.776,171.056,-0.25,-0.9,0.8655
335,5972.31,366.69,2082.09,135.4,170.147,-0.25,-0.9,0.8655
336,5969.76,367.01,2070.77,134.491,169.053,0.15,-0.9,0.8655
337,5967.14,366.43,2059.06,133.857,167.538,0.15,-0.9,0.4
338,5964.37,366.84,2046.89,133.161,165.601,0.15,-0.9,0.8655
339,5961.33,366.9,2034.36,132.211,163.413,-0.25,-0.9,0.8655
340,5958.04,366.68,2021.35,131.114,161.505,-0.25,-0.9,0.8655
341,5954.65,366.64,2008.03,130.217,160.363,-0.25,-0.9,0.8655
342,5951.36,365.85,1994.33,129.746,160.003,0.15,-0.9,0.4
343,5948.14,365.09,1980.45,129.463,159.847,0.15,-0.9,0.4
344,5944.9,364.19,1966.32,129.078,159.83,0.15,-0.9,0.4
345,5941.56,363.29,1951.88,128.669,159.918,0.15,-0.9,0.4
346,5937.98,363.3,1937.08,127.925,160.045,-0.25,-0.9,0.8655
347,5934.2,363.08,1921.67,126.989,160.15,-0.25,-0.9,0.8655
348,5930.39,363.09,1905.72,126.227,160.187,-0.25,-0.9,0.8655
349,5926.72,362.34,1889.3,125.878,160.453,0.15,-0.9,0.4
350,5923.15,361.64,1872.53,125.697,160.966,0.15,-0.9,0.4
351,5919.62,362.15,1855.39,125.359,161.467,0.15,-0.9,0.8655
352,5916.06,362.28,1837.78,124.69,161.716,-0.25,-0.9,0.8655
353,5912.55,362.1,1819.49,123.862,161.708,-0.25,-0.9,0.8655
354,5909.27,362.08,1800.65,123.25,161.746,-0.25,-0.9,0.8655
355,5906.48,361.59,1781.24,122.576,161.985,-0.65,-0.9,0.8655
356,5904.69,360.74,1761.2,122.173,162.448,-0.65,-0.8,0.8655
357,5904.19,360.69,1741.0,122.679,162.889,-0.25,-0.8,0.8655
358,5904.72,361.55,1721.26,123.719,163.383,0.15,-0.8,0.8483
359,5906.01,362.49,1702.19,124.816,163.912,0.15,-0.8,0.8483
360,5908.22,362.97,1683.8,125.793,164.102,0.15,-0.8,0.8483
361,5911.56,362.77,1666.08,126.587,164.112,-0.3,-0.8,0.8655
362,5916.44,361.95,1648.93,127.471,164.237,-0.3,-0.9,0.8655
363,5922.9,359.96,1632.45,128.72,164.691,-0.3,-0.9,0.4
364,5930.81,357.66,1616.72,130.295,165.422,-0.3,0.6,0.4
365,5939.65,356.51,1601.88,131.99,165.708,-0.05,0.8,0.4
366,5948.55,356.31,1588.1,133.544,165.805,0.15,0.8,0.4
367,5957.15,356.16,1575.24,135.05,166.078,0.15,0.8,0.4
368,5965.38,356.07,1563.17,136.51,166.718,0.15,0.8,0.4
369,5973.11,356.05,1551.81,137.907,167.62,0.15,0.8,0.4
370,5980.21,356.03,1541.13,139.255,168.107,0.15,0.8,0.4
371,5986.59,356.01,1531.09,140.571,168.409,0.15,0.8,0.4
372,5992.15,356.01,1521.64,141.855,168.857,0.15,0.8,0.4
373,5996.85,356.04,1512.77,143.103,169.674,0.15,0.8,0.4
374,6000.62,356.11,1504.46,144.305,170.689,0.15,0.8,0.4
375,6003.49,355.83,1496.69,145.478,171.424,-0.05,0.8,0.4
376,6005.49,355.94,1489.44,146.559,171.635,0.15,0.75,0.4
377,6006.27,356.76,1482.7,147.569,171.601,0.55,0.8,0.4
378,6005.65,357.53,1476.54,148.637,171.563,-0.2,-0.75,0.4517
379,6004.28,358.2,1470.95,149.685,171.542,0.15,-0.9,0.4172
380,6002.95,358.33,1466.03,150.705,171.073,0.15,-0.9,0.4172
381,6002.31,358.07,1461.73,151.635,169.906,-0.3,-0.45,0.6414
382,6002.57,358.06,1458.14,152.65,168.197,-0.3,0.6,0.6414
383,6003.32,358.21,1455.42,153.689,166.226,0.15,0.75,0.4
384,6003.88,358.7,1453.57,154.645,164.584,0.15,0.8,0.4
385,6004.06,359.16,1452.42,155.616,163.364,0.15,0.8,0.4
386,6003.72,359.68,1451.89,156.599,162.711,0.15,0.45,0.4517
387,6002.85,359.49,1451.92,157.593,162.292,-0.3,-0.4,0.4172
388,6001.93,359.27,1452.4,158.59,162.011,0.15,-0.9,0.4
389,6001.18,359.34,1453.33,159.539,161.869,0.15,0.8,0.4
390,6000.77,358.85,1454.61,160.442,161.839,-0.3,0.9,0.4517
391,6000.47,358.67,1456.15,161.417,162.206,0.15,0.75,0.4172
392,5999.64,358.96,1457.8,162.377,162.834,0.15,0.8,0.4
393,5998.33,358.86,1459.53,163.296,163.323,-0.3,-0.75,0.4517
394,5997.09,358.56,1461.29,164.17,163.306,0.15,-0.9,0.4
395,5996.18,358.51,1463.3,164.948,162.946,0.15,-0.4,0.4
396,5995.83,357.76,1465.52,165.627,162.667,-0.3,0.9,0.4517
397,5995.93,357.13,1467.87,166.472,162.583,-0.3,0.9,0.4172
398,5995.94,356.98,1470.27,167.434,162.53,0.15,0.8,0.4
399,5995.28,357.94,1472.82,168.415,162.015,0.55,0.8,0.4
400,5993.54,358.81,1475.64,169.4,161.095,0.15,-0.35,0.4
401,5991.34,358.9,1478.69,170.215,159.865,-0.7,-0.75,0.4517
402,5989.54,358.85,1482.07,170.981,158.558,0.15,-0.8,0.4172
403,5988.13,359.14,1485.77,171.7,158.153,0.15,-0.45,0.4172
404,5987.32,358.68,1489.48,172.145,158.687,-0.3,-0.45,0.4172
405,5987.53,357.71,1493.01,172.433,159.312,-0.3,-0.3,0.4172
406,5988.57,357.23,1496.36,172.942,160.07,0.15,0.75,0.4
407,5989.78,357.4,1499.61,173.679,160.931,0.15,0.8,0.4
408,5990.88,357.62,1502.78,174.467,161.826,0.15,0.8,0.4
409,5991.77,357.56,1505.8,175.165,163.041,-0.35,0.9,0.4517
410,5992.56,357.19,1508.47,175.901,164.518,0.15,-0.35,0.4
411,5993.06,357.53,1510.85,176.573,165.956,0.15,-0.35,0.4
412,5993.51,357.36,1512.94,176.968,167.436,-0.1,-0.05,0.4517
413,5994.0,357.56,1514.73,177.526,168.953,0.15,0.75,0.4
414,5994.13,357.93,1516.29,178.018,170.513,0.15,-0.05,0.4517
415,5994.1,358.02,1517.65,178.233,172.113,-0.2,-0.05,0.4517
416,5994.18,358.0,1518.77,178.405,173.742,0.15,-0.3,0.4172
417,5994.23,358.35,1519.73,178.508,175.397,0.15,-0.3,0.4172
418,5994.41,358.16,1520.58,178.419,177.158,-0.3,-0.05,0.4172
419,5995.09,357.42,1521.27,178.139,178.7,-0.3,-0.3,0.4172
420,5996.2,357.07,1521.88,178.106,178.881,0.15,0.75,0.4
421,5997.13,357.37,1522.51,178.372,178.055,0.15,0.8,0.4
422,5997.64,357.65,1523.15,178.583,177.922,0.15,0.75,0.4
423,5997.67,357.43,1523.73,178.626,178.407,-0.2,-0.05,0.4517
424,5997.53,357.46,1524.19,178.637,178.98,0.15,-0.35,0.4
425,5997.12,357.91,1524.53,178.588,179.578,0.15,-0.35,0.4
426,5996.68,357.81,1524.64,178.622,179.914,-0.2,-0.05,0.4517
427,5996.51,357.71,1524.47,178.628,179.49,0.15,-0.3,0.4172
428,5996.43,358.05,1524.09,178.592,179.12,0.15,-0.05,0.4345
429,5996.51,357.96,1523.58,178.452,179.112,-0.3,-0.05,0.4517
430,5997.02,357.77,1522.95,178.277,179.106,0.15,-0.3,0.4345
431,5997.68,357.99,1522.2,178.29,178.997,0.15,0.75,0.4345
432,5998.25,357.86,1521.37,178.307,179.261,-0.3,0.9,0.4345
433,5998.83,357.55,1520.43,178.341,179.462,0.15,-0.3,0.4345
434,5999.33,357.92,1519.4,178.322,179.605,0.15,-0.3,0.4345
435,5999.99,357.74,1518.33,178.113,179.737,-0.3,-0.05,0.4517
436,6001.07,357.12,1517.23,177.887,179.556,-0.3,0.9,0.4345
437,6002.25,357.05,1516.06,178.076,179.76,0.15,0.75,0.4
438,6002.97,357.41,1514.91,178.32,179.702,0.15,0.8,0.4
439,6003.04,357.75,1513.84,178.263,179.574,0.15,0.75,0.4345
440,6002.5,357.57,1512.76,178.083,179.349,-0.2,-0.05,0.4345
441,6001.68,357.66,1511.66,177.978,179.095,0.15,-0.65,0.4345
442,6000.65,358.37,1510.6,177.977,179.153,0.15,-0.65,0.5034
443,5999.83,358.31,1509.58,178.238,179.125,-0.2,-0.05,0.4517
444,5999.49,358.25,1508.58,178.326,179.058,0.15,-0.3,0.4345
445,5999.28,358.6,1507.6,178.307,178.856,0.15,0.85,0.4345
446,5999.26,358.41,1506.67,178.202,178.87,-0.3,-0.05,0.4345
447,5999.66,358.17,1505.63,178.037,179.37,0.15,-0.3,0.4345
448,6000.22,358.36,1504.58,178.049,179.622,0.15,0.85,0.4345
449,6000.66,358.22,1503.59,178.091,179.622,-0.3,0.9,0.4345
450,6001.04,357.87,1502.56,178.151,179.72,0.15,-0.3,0.4345
451,6001.42,357.73,1501.49,178.034,179.621,-0.2,-0.3,0.4345
452,6002.16,357.85,1500.4,177.939,179.619,0.55,-0.9,0.5379
453,6002.91,359.62,1499.4,177.981,179.61,0.55,-0.9,0.8138
454,6003.76,361.28,1498.63,177.512,179.47,0.55,-0.9,0.8138
455,6005.12,361.54,1497.96,176.734,179.264,0.55,-0.9,0.5207
456,6006.83,362.69,1497.33,175.881,179.319,0.55,-0.9,0.8655
457,6008.74,363.46,1496.81,174.685,179.337,0.15,-0.9,0.8655
458,6010.66,363.89,1496.29,173.312,179.102,0.15,-0.9,0.8655
459,6012.32,364.48,1495.67,172.032,178.851,0.15,-0.9,0.8655
460,6013.5,364.66,1494.92,170.501,178.515,-0.25,-0.9,0.8655
461,6013.95,364.45,1493.88,168.67,178.235,-0.25,-0.9,0.8655
462,6013.75,364.43,1492.59,166.921,177.84,-0.25,-0.9,0.8655
463,6013.02,364.43,1490.96,165.198,177.375,-0.25,-0.9,0.8655
464,6011.92,364.44,1489.02,163.544,176.77,-0.25,-0.9,0.8655
465,6010.67,364.45,1486.7,162.002,176.152,-0.25,-0.9,0.8655
466,6009.44,364.93,1484.07,160.847,175.478,0.15,-0.9,0.8655
467,6008.2,365.66,1481.33,159.875,174.74,0.15,-0.9,0.8655
468,6006.9,366.22,1478.41,158.821,173.914,0.15,-0.9,0.8655
469,6005.43,366.75,1475.28,157.769,172.97,0.15,-0.9,0.8655
470,6003.65,366.81,1471.96,156.459,171.998,-0.25,-0.9,0.8655
471,6001.59,366.53,1468.2,155.018,171.066,-0.25,-0.9,0.8655
472,5999.39,366.42,1464.08,153.804,170.179,-0.25,-0.9,0.8655
473,5997.24,366.82,1459.79,153.016,169.058,0.15,-0.9,0.8655
474,5995.11,367.51,1455.54,152.442,167.794,0.15,-0.9,0.8655
475,5992.94,368.06,1451.3,151.811,166.289,0.15,-0.9,0.8655
476,5990.62,368.11,1447.04,150.922,164.562,-0.25,-0.9,0.8655
477,5988.22,367.83,1442.67,149.935,163.219,-0.25,-0.9,0.8655
478,5985.87,368.15,1438.21,149.432,162.44,0.15,-0.9,0.8655
479,5983.52,368.81,1433.88,149.14,161.895,0.15,-0.9,0.8655
480,5981.11,369.34,1429.66,148.773,161.496,0.15,-0.9,0.8655
481,5978.51,369.4,1425.45,148.112,161.259,-0.25,-0.9,0.8655
482,5975.76,369.12,1421.02,147.299,161.121,-0.25,-0.9,0.8655
483,5973.01,369.47,1416.46,146.929,161.064,0.15,-0.9,0.8655
484,5970.2,368.88,1411.94,146.777,161.082,0.15,-0.9,0.4
485,5967.26,369.28,1407.42,146.511,161.154,0.15,-0.9,0.8655
486,5964.06,369.33,1402.85,145.937,161.256,-0.25,-0.9,0.8655
487,5960.63,369.11,1398.01,145.187,161.354,-0.25,-0.9,0.8655
488,5957.13,369.07,1392.92,144.613,161.424,-0.25,-0.9,0.8655
489,5953.75,368.27,1387.68,144.446,161.443,0.15,-0.9,0.4
490,5950.44,367.48,1382.38,144.441,161.418,0.15,-0.9,0.4
491,5947.14,366.57,1376.87,144.323,161.588,0.15,-0.9,0.4
492,5943.75,365.64,1371.1,144.157,161.975,0.15,-0.9,0.4
493,5940.13,365.63,1365.04,143.64,162.293,-0.25,-0.9,0.8655
494,5936.31,365.4,1358.5,142.932,162.623,-0.25,-0.9,0.8655
495,5932.47,365.39,1351.52,142.394,162.965,-0.25,-0.9,0.8655
496,5928.78,364.64,1344.25,142.266,162.975,0.15,-0.9,0.4
497,5925.19,363.91,1337.03,142.313,162.785,0.15,-0.9,0.4
498,5921.66,363.04,1329.8,142.248,162.672,0.15,-0.9,0.4
499,5918.08,363.05,1322.46,141.824,162.55,-0.25,-0.9,0.8655
500,5914.56,362.81,1314.72,141.242,162.638,-0.25,-0.9,0.8655
501,5911.25,362.79,1306.64,140.859,162.949,-0.25,-0.9,0.8655
502,5908.39,362.8,1298.3,140.641,163.21,-0.25,-0.9,0.8655
503,5906.12,363.28,1289.91,140.815,163.152,0.15,-0.9,0.8655
504,5904.37,363.64,1281.83,140.972,162.868,-0.25,-0.9,0.8655
505,5903.46,363.37,1273.87,140.988,162.611,-0.25,-0.9,0.8655
506,5903.56,363.2,1266.04,141.293,162.61,-0.25,-0.8,0.8655
507,5904.72,363.51,1258.41,141.97,162.846,0.15,-0.8,0.8655
508,5906.73,364.02,1251.16,142.703,163.06,0.15,-0.8,0.8655
509,5909.71,363.77,1244.13,143.111,163.312,-0.3,-0.8,0.8655
510,5914.0,362.99,1237.2,143.502,163.226,-0.3,-0.8,0.8655
511,5919.7,362.35,1230.61,144.256,162.943,-0.3,-0.8,0.8655
512,5926.79,361.24,1224.45,145.386,162.802,-0.3,-0.4,0.6414
513,5935.08,360.42,1218.79,146.886,162.99,-0.3,0.6,0.6414
514,5944.01,359.87,1213.72,148.597,163.475,0.15,0.6,0.4
515,5952.84,359.78,1209.28,150.236,163.951,0.15,0.8,0.4
516,5961.36,359.7,1205.4,151.818,164.17,0.15,0.8,0.4
517,5969.43,359.69,1202.04,153.344,164.275,0.15,0.8,0.4
518,5976.92,359.65,1199.13,154.799,164.574,0.15,0.8,0.4
519,5983.72,359.6,1196.61,156.168,165.287,0.15,0.8,0.4
520,5989.73,359.56,1194.38,157.425,166.332,0.15,0.8,0.4
521,5994.96,359.13,1192.37,158.579,167.344,-0.05,0.8,0.4
522,5999.39,359.08,1190.52,159.58,168.054,0.15,0.75,0.4
523,6002.78,359.11,1188.8,160.454,168.656,0.15,0.75,0.4
524,6005.2,358.86,1187.17,161.273,169.457,-0.05,0.75,0.4517
525,6006.7,358.96,1185.59,161.885,170.367,0.15,0.75,0.4
526,6007.04,359.14,1184.05,162.364,171.657,0.15,0.75,0.4
527,6006.37,358.77,1182.57,162.906,173.324,-0.3,-0.75,0.4517
528,6005.29,358.45,1181.25,163.637,174.041,0.15,-0.9,0.4
529,6004.21,358.7,1180.34,164.592,173.054,0.15,0.8,0.4
530,6003.55,357.92,1179.82,165.651,171.564,-0.3,0.8,0.4517
531,6003.15,357.74,1179.62,166.409,169.886,0.15,0.75,0.4
532,6002.05,357.73,1179.84,166.803,168.155,0.15,0.75,0.4
533,6000.04,358.32,1180.43,167.272,167.091,0.55,-0.75,0.4
534,5997.42,359.3,1181.47,168.047,166.375,-1.0,-0.9,0.4172
535,5995.07,359.08,1182.89,169.12,165.886,-0.3,-0.9,0.4172
536,5993.65,358.28,1184.52,170.277,165.937,-0.3,-0.45,0.4172
537,5993.05,358.02,1186.11,171.222,166.395,0.15,0.8,0.4
538,5992.57,358.41,1187.74,171.922,166.389,0.15,0.8,0.4
539,5991.99,358.82,1189.57,172.571,166.232,0.15,0.8,0.4
540,5991.24,358.76,1191.54,173.241,166.477,-0.1,-0.4,0.4517
541,5990.6,358.98,1193.41,173.894,166.982,0.15,-0.3,0.4
542,5990.17,358.85,1195.18,174.493,167.106,-0.1,-0.45,0.4517
543,5990.23,358.88,1196.88,175.027,166.795,0.15,-0.3,0.4172
544,5990.61,358.59,1198.69,175.479,166.326,-0.3,0.9,0.4172
545,5991.28,358.4,1200.63,176.056,165.93,0.15,0.75,0.4
546,5991.7,358.81,1202.67,176.79,165.506,0.15,0.8,0.4
547,5991.77,358.63,1204.75,177.467,164.668,-0.35,-0.05,0.4517
548,5991.8,358.54,1206.91,178.172,163.591,0.15,-0.35,0.4
549,5991.68,358.95,1209.23,178.889,163.2,0.15,-0.35,0.4
550,5991.51,359.26,1211.56,179.486,163.693,0.15,-0.05,0.4517
551,5991.48,359.07,1213.84,179.315,164.377,-0.3,-0.45,0.4517
552,5992.03,358.68,1215.97,178.629,165.25,0.15,-0.3,0.4172
553,5992.88,358.71,1217.96,178.372,166.394,0.15,0.75,0.4
554,5993.82,358.45,1219.82,178.057,167.665,-0.3,0.9,0.4517
555,5994.87,358.28,1221.51,177.918,169.064,0.15,0.75,0.4172
556,5995.52,358.6,1223.11,177.936,170.553,0.15,0.75,0.4
557,5995.66,358.3,1224.63,177.769,172.424,-0.2,-0.05,0.4517
558,5995.59,358.35,1226.02,177.612,175.013,0.15,-0.3,0.4172
559,5995.28,358.45,1227.38,177.635,177.799,-0.1,-0.45,0.4172
560,5995.27,357.84,1228.74,177.79,179.361,-0.3,-0.45,0.4172
561,5995.72,357.45,1230.11,177.861,177.394,0.15,0.8,0.4
562,5996.07,357.74,1231.53,178.126,175.787,0.15,0.8,0.4
563,5995.97,357.97,1233.03,178.327,174.814,0.15,0.8,0.4
564,5995.4,357.8,1234.48,178.506,174.583,-0.2,-0.05,0.4517
565,5994.63,357.86,1235.66,178.657,174.719,0.15,-0.3,0.4172
566,5993.57,358.3,1236.63,178.815,174.817,0.15,-0.45,0.4
567,5992.51,358.2,1237.38,179.345,174.884,-0.7,-0.45,0.4172
568,5991.92,358.0,1237.89,179.538,174.824,0.15,-0.3,0.4172
569,5991.58,358.26,1238.35,179.425,174.716,0.15,-0.3,0.4
570,5991.56,357.96,1238.71,178.821,174.4,-0.3,-0.05,0.4517
571,5992.21,357.12,1238.92,178.012,173.988,-0.3,-0.3,0.4172
572,5993.42,356.7,1239.03,177.822,173.487,0.15,0.8,0.4
573,5994.52,356.96,1239.07,178.201,173.139,0.15,0.8,0.4
574,5995.27,357.23,1239.06,178.48,172.997,0.15,0.75,0.4
575,5995.52,357.59,1238.98,178.484,172.911,0.15,-0.05,0.4517
576,5995.35,357.62,1238.91,178.201,172.944,-0.2,-0.05,0.4517
577,5995.15,357.81,1238.87,177.943,172.899,0.15,-0.3,0.4172
578,5994.83,358.31,1238.88,177.663,172.802,0.15,-0.45,0.4345
579,5994.62,358.26,1238.96,177.401,172.765,-0.3,-0.05,0.4517
580,5994.84,357.98,1238.99,177.131,172.677,0.15,-0.3,0.4172
581,5995.23,358.2,1238.93,176.871,172.514,0.15,0.75,0.4345
582,5995.64,358.14,1238.87,176.617,172.386,-0.3,-0.05,0.4517
583,5996.11,357.8,1238.78,176.418,172.27,0.15,-0.3,0.4345
584,5996.56,358.17,1238.68,176.166,172.111,0.15,-0.3,0.4345
585,5997.27,357.84,1238.55,175.799,171.956,-0.3,-0.05,0.4517
586,5998.46,357.24,1238.39,175.514,171.854,-0.3,0.75,0.4345
587,5999.76,357.23,1238.2,175.436,171.765,0.15,0.75,0.4
588,6000.6,357.56,1238.01,175.332,171.687,0.15,0.3,0.4
589,6000.86,357.9,1237.87,175.148,171.622,0.15,0.75,0.4345
590,6000.56,357.73,1237.72,174.934,171.521,-0.2,-0.05,0.4345
591,6000.01,357.91,1237.53,174.736,171.374,0.15,-0.35,0.4345
592,5999.12,358.71,1237.46,174.527,171.252,0.15,-0.35,0.5034
593,5998.17,358.78,1237.44,174.4,171.165,-0.2,-0.05,0.4345
594,5997.45,358.84,1237.46,174.274,171.113,0.15,-0.3,0.4345
595,5996.82,359.27,1237.54,174.107,171.074,0.15,-0.65,0.4345
596,5996.59,358.95,1237.59,173.862,171.015,-0.3,-0.05,0.4345
597,5997.03,358.22,1237.56,173.644,170.872,-0.3,-0.3,0.4345
598,5998.01,357.93,1237.55,173.505,170.764,0.15,0.75,0.4
599,5999.21,357.96,1237.53,173.386,170.772,0.15,0.8,0.4345
600,6000.34,358.1,1237.52,173.319,170.742,0.15,0.75,0.4
601,6001.14,358.41,1237.59,173.264,170.72,0.15,0.75,0.4345
602,6001.42,360.43,1237.84,173.252,170.696,0.55,-0.75,0.8138
603,6000.92,362.75,1238.34,173.137,170.662,0.55,-0.9,0.8138
604,6000.3,364.8,1239.12,172.533,170.678,0.55,-0.9,0.8655
605,5999.97,366.17,1240.01,171.591,170.721,0.55,-0.9,0.8655
606,5999.79,367.23,1240.88,170.321,170.791,0.15,-0.9,0.8655
607,5999.69,367.78,1241.59,168.607,170.888,0.15,-0.9,0.8655
608,5999.5,368.35,1242.17,166.979,171.047,0.15,-0.9,0.8655
609,5999.0,368.52,1242.43,165.085,171.339,-0.25,-0.9,0.8655
610,5998.08,368.3,1242.17,163.001,171.697,-0.25,-0.9,0.8655
611,5996.84,368.22,1241.4,161.08,172.156,-0.25,-0.9,0.8655
612,5995.45,368.15,1240.07,159.27,172.713,-0.25,-0.9,0.8655
613,5994.06,368.54,1238.15,157.855,173.333,0.15,-0.9,0.8655
614,5992.63,369.23,1235.9,156.66,173.991,0.15,-0.9,0.8655
615,5991.07,369.79,1233.2,155.426,174.677,0.15,-0.9,0.8655
616,5989.27,369.87,1229.97,153.936,175.482,-0.25,-0.9,0.8655
617,5987.22,369.6,1226.06,152.331,176.448,-0.25,-0.9,0.8655
618,5985.09,369.48,1221.49,150.961,177.472,-0.25,-0.9,0.8655
619,5983.05,369.86,1216.33,150.03,178.467,0.15,-0.9,0.8655
620,5981.07,370.53,1210.85,149.322,178.756,0.15,-0.9,0.8655
621,5979.08,371.05,1205.09,148.572,178.188,0.15,-0.9,0.8655
622,5976.97,371.07,1199.06,147.574,177.289,-0.25,-0.9,0.8655
623,5974.8,370.76,1192.48,146.499,175.904,-0.25,-0.9,0.8655
624,5972.71,371.05,1185.47,145.936,174.414,0.15,-0.9,0.8655
625,5970.64,371.66,1178.42,145.628,172.981,0.15,-0.9,0.8655
626,5968.52,372.16,1171.47,145.307,171.286,0.15,-0.9,0.8655
627,5966.21,372.18,1164.56,144.758,169.387,-0.25,-0.9,0.8655
628,5963.76,371.86,1157.54,144.133,167.317,-0.25,-0.9,0.8655
629,5961.33,371.71,1150.5,143.777,165.496,-0.25,-0.9,0.8655
630,5959.1,370.79,1143.62,143.901,164.077,0.15,-0.9,0.4
631,5957.01,369.87,1137.14,144.232,162.837,0.15,-0.9,0.4
632,5955.0,368.82,1131.04,144.49,161.741,0.15,-0.9,0.4
633,5952.95,367.75,1125.32,144.743,160.763,0.15,-0.9,0.4
634,5950.74,367.59,1119.98,144.687,159.878,-0.25,-0.9,0.8655
635,5948.39,367.21,1114.87,144.489,159.06,-0.25,-0.9,0.8655
636,5946.06,366.16,1110.07,144.78,158.305,0.15,-0.9,0.4
637,5943.68,365.29,1105.75,145.287,157.616,0.15,-0.9,0.4
638,5941.17,364.33,1101.89,145.721,156.98,0.15,-0.9,0.4
639,5938.41,364.29,1098.46,145.82,156.375,-0.25,-0.9,0.8655
640,5935.43,364.03,1095.3,145.743,155.765,-0.25,-0.9,0.8655
641,5932.4,364.0,1092.46,145.844,155.134,-0.25,-0.9,0.8655
642,5929.5,363.21,1090.03,146.361,154.467,0.15,-0.9,0.4
643,5926.68,362.44,1088.1,147.052,153.784,0.15,-0.9,0.4
644,5923.88,361.54,1086.55,147.635,153.024,0.15,-0.9,0.4
645,5921.01,360.64,1085.36,148.194,152.464,0.15,-0.9,0.4
646,5917.93,360.65,1084.44,148.396,152.139,-0.25,-0.9,0.8655
647,5914.7,360.43,1083.64,148.397,151.756,-0.25,-0.9,0.8655
648,5911.49,360.43,1082.99,148.563,151.399,-0.25,-0.9,0.8655
649,5908.47,360.95,1082.59,149.108,151.064,0.15,-0.9,0.8655
650,5905.59,361.77,1082.7,149.808,150.433,0.15,-0.9,0.8655
651,5902.83,361.95,1083.36,150.111,149.579,-0.25,-0.9,0.8655
652,5900.34,361.75,1084.38,150.275,148.83,-0.25,-0.9,0.8655
653,5898.29,361.68,1085.72,150.66,148.376,-0.25,-0.9,0.8655
654,5896.95,361.15,1087.29,151.011,148.173,-0.65,-0.8,0.8655
655,5896.82,360.26,1089.02,151.644,147.891,-0.65,-0.8,0.8655
656,5898.09,360.21,1091.3,153.102,147.271,0.15,-0.8,0.8655
657,5900.42,360.93,1094.66,154.866,146.499,0.15,-0.9,0.8483
658,5903.63,361.5,1099.09,156.515,145.88,0.15,-0.9,0.8483
659,5907.89,361.67,1104.32,157.911,145.661,0.15,-0.9,0.8483
660,5913.37,361.15,1109.92,158.905,145.733,-0.3,-0.9,0.8655
661,5920.47,359.45,1115.66,159.774,145.439,-0.3,-0.9,0.6414
662,5929.15,357.83,1121.69,160.947,144.932,-0.3,0.6,0.6414
663,5939.01,357.67,1128.19,162.602,144.585,-0.3,0.6,0.9
664,5949.36,357.05,1135.17,164.614,144.606,-0.05,0.8,0.4
665,5959.63,356.39,1142.41,166.639,144.959,-0.05,0.8,0.4
666,5969.62,355.78,1149.8,168.61,145.323,-0.05,0.8,0.4
667,5979.08,355.59,1157.29,170.443,145.446,0.15,0.8,0.4
668,5987.68,355.95,1164.94,172.025,145.464,0.4,0.8,0.4
669,5995.27,356.05,1172.67,173.365,145.665,0.15,0.8,0.4
670,6002.06,355.92,1180.29,174.321,146.269,0.15,0.8,0.4
671,6007.99,355.89,1187.57,174.612,147.211,0.15,0.8,0.4
672,6013.0,355.9,1194.46,174.206,147.859,0.15,0.8,0.4
673,6017.03,355.96,1200.98,173.277,148.391,0.15,0.8,0.4
674,6020.06,356.08,1207.02,172.035,149.409,0.15,0.8,0.4
675,6022.06,356.27,1212.39,170.646,150.767,0.15,0.75,0.4
676,6023.08,356.11,1217.08,169.442,151.824,-0.05,0.45,0.4
677,6023.16,356.37,1221.11,167.927,152.78,0.15,0.75,0.4
678,6022.06,356.72,1224.43,166.447,153.923,0.15,0.75,0.4
679,6019.91,356.85,1227.0,165.321,155.481,-0.2,0.45,0.5379
680,6016.92,356.85,1228.74,164.198,157.37,0.15,-0.9,0.4
681,6013.12,357.32,1229.73,163.691,158.954,0.15,-0.9,0.4
682,6009.25,358.01,1230.29,164.068,160.402,0.15,-0.9,0.5379
683,6005.85,357.85,1230.54,165.014,162.299,-0.3,-0.45,0.4172
684,6003.31,357.6,1230.49,165.993,164.474,0.15,-0.45,0.4172
685,6001.37,357.67,1230.18,166.759,166.579,0.15,-0.45,0.4
686,6000.15,357.1,1229.66,167.979,168.613,-0.3,-0.45,0.4172
687,6000.01,356.0,1228.99,169.24,170.25,-0.3,0.6,0.4172
688,6000.52,355.74,1228.11,169.634,171.751,0.15,0.8,0.4
689,6000.98,356.11,1227.08,169.621,173.382,0.15,0.8,0.4
690,6001.15,356.51,1225.97,169.571,175.137,0.15,0.75,0.4
691,6000.89,356.96,1224.93,169.457,175.988,0.15,0.8,0.4
692,6000.17,356.86,1224.07,169.688,174.867,-0.2,-0.05,0.4517
693,5999.28,357.0,1223.51,170.105,172.78,0.15,-0.45,0.4
694,5998.19,357.49,1223.41,170.694,170.574,0.15,-0.45,0.4
695,5997.22,357.4,1223.82,171.887,168.725,-0.3,-0.45,0.4517
696,5996.79,357.21,1224.56,173.11,167.851,0.15,-0.3,0.4172
697,5996.64,357.32,1225.44,173.944,167.599,0.15,0.8,0.4
698,5996.57,357.14,1226.45,174.774,167.461,-0.3,0.9,0.4517
699,5996.68,356.88,1227.52,175.503,167.5,0.15,-0.3,0.4172
700,5996.83,357.08,1228.67,176.167,167.688,0.15,0.8,0.4
701,5997.13,356.79,1229.87,176.946,167.772,-0.3,-0.05,0.4517
702,5997.66,356.69,1231.1,177.425,168.257,0.15,0.75,0.4172
703,5997.89,357.12,1232.31,177.573,168.827,0.15,0.8,0.4
704,5997.69,356.9,1233.53,177.881,169.227,-0.2,-0.05,0.4517
705,5997.36,357.01,1234.76,178.185,169.668,0.15,-0.3,0.4172
706,5996.8,357.49,1236.02,178.519,170.444,0.15,-0.45,0.4172
707,5996.31,357.34,1237.23,179.105,171.201,-0.3,-0.45,0.4172
708,5996.41,356.64,1238.33,178.807,171.712,-0.3,-0.3,0.4172
709,5997.02,356.32,1239.39,178.443,172.275,0.15,0.8,0.4
710,5997.54,356.63,1240.4,178.712,172.982,0.15,0.8,0.4
711,5997.7,356.94,1241.43,179.114,173.343,0.15,0.8,0.4
712,5997.43,356.78,1242.53,179.274,173.62,-0.2,-0.05,0.4517
713,5996.98,357.13,1243.61,179.252,173.717,0.15,-0.35,0.5379
714,5996.33,358.57,1244.83,179.08,173.563,0.15,-0.45,0.6931
715,5995.79,358.66,1246.26,178.621,173.204,-0.2,-0.45,0.4517
716,5995.75,358.56,1247.77,178.185,172.494,0.15,-0.3,0.4172
717,5995.97,358.75,1249.31,177.944,171.956,0.15,0.8,0.4345
718,5996.27,358.67,1250.83,177.723,171.663,-0.3,0.9,0.4517
719,5996.69,358.27,1252.2,177.543,171.608,0.15,-0.3,0.4172
720,5997.17,358.57,1253.5,177.291,171.759,0.15,-0.3,0.4345
721,5997.9,358.15,1254.66,176.932,171.872,-0.3,0.9,0.4517
722,5998.87,357.54,1255.68,176.795,172.168,-0.3,0.75,0.4345
723,5999.63,357.34,1256.66,176.757,172.385,0.15,0.75,0.4
724,5999.58,358.23,1257.69,176.402,172.343,0.55,0.3,0.4
725,5998.43,359.33,1258.84,175.867,172.272,-0.2,-0.05,0.5034
726,5996.75,359.53,1260.12,175.689,172.205,-0.2,-0.45,0.4172
727,5995.1,359.87,1261.45,175.549,172.122,0.15,-0.3,0.4172
728,5993.41,360.38,1262.8,175.433,172.027,0.15,-0.45,0.5034
729,5992.01,360.22,1264.19,175.402,171.92,-0.2,-0.45,0.4172
730,5991.25,359.96,1265.54,175.312,171.864,-0.1,-0.3,0.4172
731,5990.98,360.09,1266.91,175.159,171.961,0.15,-0.3,0.4
732,5991.07,359.87,1268.33,174.946,172.01,0.0,0.8,0.4345
733,5991.57,359.35,1269.69,174.733,171.937,-0.3,0.9,0.4345
734,5992.31,359.15,1270.94,174.645,171.808,0.15,0.65,0.4
735,5992.69,359.6,1272.22,174.557,171.716,0.15,0.3,0.5034
736,5992.58,360.08,1273.6,174.417,171.725,0.15,-0.35,0.5034
737,5992.29,360.11,1275.02,174.26,171.755,-0.2,-0.05,0.4345
738,5992.2,360.11,1276.36,174.121,171.734,0.15,-0.3,0.4172
739,5992.04,360.36,1277.69,173.96,171.679,0.15,-0.65,0.4345
740,5992.23,359.98,1279.0,173.666,171.618,-0.3,-0.05,0.4345
741,5993.27,359.14,1280.23,173.396,171.604,-0.3,-0.3,0.4345
742,5994.77,359.0,1281.41,173.331,171.57,0.15,0.65,0.4
743,5996.08,359.51,1282.6,173.31,171.475,0.15,0.8,0.4345
744,5996.99,359.91,1283.91,173.272,171.474,0.15,0.95,0.4
745,5997.4,360.22,1285.23,173.19,171.624,0.15,-0.05,0.4345
746,5997.47,360.33,1286.62,173.083,171.752,-0.2,-0.05,0.4345
747,5997.52,360.48,1287.97,173.006,171.719,0.15,-0.3,0.4345
748,5997.43,360.96,1289.37,172.908,171.712,0.15,-0.05,0.4345
749,5997.33,360.89,1290.88,172.805,171.841,-0.2,-0.05,0.4345
750,5997.5,360.94,1292.4,172.746,171.99,0.15,-0.3,0.4345
751,5997.71,361.31,1294.03,172.672,172.011,0.15,-0.05,0.4345
752,5997.93,362.92,1295.77,172.56,172.07,0.55,-0.9,0.8138
753,5998.28,364.71,1297.72,172.184,172.143,0.55,-0.9,0.8138
754,5999.12,365.07,1299.78,171.436,172.268,0.55,-0.9,0.5207
755,6000.37,366.2,1301.84,170.397,172.436,0.55,-0.9,0.8655
756,6001.85,366.97,1303.85,169.021,172.593,0.15,-0.9,0.8655
757,6003.36,367.41,1305.69,167.442,172.869,0.15,-0.9,0.8655
758,6004.62,368.0,1307.25,166.003,173.199,0.15,-0.9,0.8655
759,6005.38,368.18,1308.51,164.365,173.552,-0.25,-0.9,0.8655
760,6005.39,367.98,1309.35,162.497,173.981,-0.25,-0.9,0.8655
761,6004.72,367.98,1309.64,160.752,174.513,-0.25,-0.9,0.8655
762,6003.47,368.01,1309.38,159.045,175.064,-0.25,-0.9,0.8655
763,6001.83,368.06,1308.6,157.412,175.661,-0.25,-0.9,0.8655
764,5999.98,368.12,1307.28,155.892,176.444,-0.25,-0.9,0.8655
765,5998.11,368.64,1305.41,154.764,177.371,0.15,-0.9,0.8655
766,5996.19,369.42,1303.21,153.823,178.283,0.15,-0.9,0.8655
767,5994.17,370.04,1300.73,152.818,179.24,0.15,-0.9,0.8655
768,5991.92,370.15,1297.87,151.542,179.657,-0.25,-0.9,0.8655
769,5989.49,369.92,1294.35,150.163,178.521,-0.25,-0.9,0.8655
770,5987.06,369.84,1290.27,149.024,177.274,-0.25,-0.9,0.8655
771,5984.81,370.27,1285.87,148.329,175.912,0.15,-0.9,0.8655
772,5982.68,370.95,1281.35,147.834,174.591,0.15,-0.9,0.8655
773,5980.63,371.47,1276.73,147.282,173.177,0.15,-0.9,0.8655
774,5978.54,371.95,1271.95,146.746,171.587,0.15,-0.9,0.8655
775,5976.29,371.95,1266.94,145.973,169.926,-0.25,-0.9,0.8655
776,5973.9,371.62,1261.61,145.113,168.163,-0.25,-0.9,0.8655
777,5971.52,371.93,1256.09,144.762,166.213,0.15,-0.9,0.8655
778,5969.09,372.56,1250.69,144.67,164.319,0.15,-0.9,0.8655
779,5966.53,372.62,1245.42,144.279,163.066,-0.25,-0.9,0.8655
780,5963.92,372.35,1240.1,143.783,162.224,-0.25,-0.9,0.8655
781,5961.4,372.69,1234.87,143.752,161.506,0.15,-0.9,0.8655
782,5958.9,372.05,1229.95,143.937,160.921,0.15,-0.9,0.4
783,5956.34,371.02,1225.22,144.047,160.431,0.15,-0.9,0.4
784,5953.61,370.9,1220.65,143.821,160.001,-0.25,-0.9,0.8655
785,5950.75,370.57,1216.06,143.447,159.59,-0.25,-0.9,0.8655
786,5947.89,369.55,1211.52,143.546,159.178,0.15,-0.9,0.4
787,5944.99,368.69,1207.24,143.836,158.753,0.15,-0.9,0.4
788,5941.98,368.64,1203.1,143.727,158.318,-0.25,-0.9,0.8655
789,5938.93,368.37,1198.86,143.477,157.804,-0.25,-0.9,0.8655
790,5935.99,367.4,1194.59,143.702,157.501,0.15,-0.9,0.4
791,5933.1,366.57,1190.44,144.085,157.462,0.15,-0.9,0.4
792,5930.18,365.63,1186.34,144.349,157.4,0.15,-0.9,0.4
793,5927.14,365.58,1182.24,144.243,157.381,-0.25,-0.9,0.8655
794,5924.03,365.32,1177.96,143.974,157.054,-0.25,-0.9,0.8655
795,5920.99,364.37,1173.63,144.193,156.504,0.15,-0.9,0.4
796,5917.97,363.57,1169.46,144.604,156.026,0.15,-0.9,0.4
797,5914.89,364.06,1165.47,144.883,155.835,0.15,-0.9,0.8655
798,5911.65,364.19,1161.57,144.818,155.902,-0.25,-0.9,0.8655
799,5908.29,364.02,1157.53,144.581,155.592,-0.25,-0.9,0.8655
800,5905.0,364.03,1153.47,144.556,155.038,-0.25,-0.9,0.8655
801,5901.99,364.06,1149.52,144.711,154.515,-0.25,-0.9,0.8655
802,5899.49,364.12,1145.77,145.069,154.241,-0.25,-0.9,0.8655
803,5897.72,364.17,1142.26,145.636,154.21,-0.25,-0.9,0.8655
804,5896.87,364.24,1139.08,146.452,154.132,-0.25,-0.8,0.8655
805,5897.08,364.31,1136.44,147.535,153.721,-0.25,-0.8,0.8655
806,5898.39,364.84,1134.66,148.941,153.119,0.15,-0.8,0.8655
807,5900.59,365.45,1133.8,150.358,152.648,0.15,-0.8,0.8483
808,5903.78,365.74,1133.61,151.582,152.494,0.15,-0.8,0.8655
809,5908.08,365.35,1133.84,152.496,152.607,-0.3,-0.8,0.8655
810,5913.85,364.43,1134.31,153.39,152.353,-0.3,-0.8,0.8655
811,5921.1,363.15,1135.14,154.652,151.897,-0.3,-0.4,0.6414
812,5929.63,362.15,1136.42,156.282,151.839,-0.3,0.6,0.6414
813,5938.92,361.46,1138.15,158.19,152.085,-0.05,0.6,0.4
814,5948.24,361.32,1140.38,160.073,152.033,0.15,0.8,0.4
815,5957.24,361.19,1143.12,161.864,151.861,0.15,0.8,0.4
816,5965.84,361.11,1146.25,163.537,152.153,0.15,0.8,0.4
817,5973.88,361.01,1149.57,165.04,152.778,0.15,0.8,0.4
818,5981.25,360.9,1152.99,166.342,153.122,0.15,0.8,0.4
819,5987.92,360.37,1156.46,167.465,153.373,-0.05,0.8,0.4
820,5993.87,360.22,1159.86,168.213,153.795,0.15,0.8,0.4
821,5998.82,360.14,1163.1,168.595,154.621,0.15,0.8,0.4
822,6002.85,359.67,1166.01,168.773,155.792,-0.05,0.6,0.4
823,6005.98,359.62,1168.49,168.441,157.006,0.15,0.75,0.4
824,6007.97,359.67,1170.52,167.861,158.0,0.15,0.75,0.4
825,6008.94,359.35,1172.09,167.383,158.931,-0.3,0.9,0.4517
826,6009.1,358.97,1173.13,166.692,160.374,0.15,0.75,0.4
827,6008.12,359.15,1173.56,165.639,162.135,0.15,0.8,0.4
828,6005.9,359.67,1173.41,164.534,163.574,0.55,-0.9,0.4
829,6002.6,360.57,1172.81,164.258,164.931,-0.25,-0.9,0.4172
830,5999.34,360.48,1172.02,165.304,166.458,-1.0,-0.9,0.4172
831,5996.88,360.18,1171.15,166.649,168.362,0.15,-0.9,0.4172
832,5995.12,360.1,1170.26,167.865,170.447,0.15,-0.85,0.4
833,5994.24,359.19,1169.38,169.465,172.235,-0.3,0.8,0.4517
834,5994.23,358.74,1168.51,170.472,173.404,0.15,0.8,0.4
835,5994.35,359.01,1167.67,170.828,174.143,0.15,0.8,0.4
836,5994.32,359.31,1166.99,171.076,173.866,0.15,0.8,0.4
837,5994.07,359.41,1166.61,171.475,172.348,-0.1,0.9,0.4517
838,5993.57,359.56,1166.63,171.661,170.252,0.15,-0.4,0.4
839,5992.77,359.81,1167.12,172.442,168.299,0.15,-0.9,0.4
840,5992.37,359.24,1168.08,174.132,167.214,-0.3,-0.45,0.4172
841,5992.85,358.27,1169.3,175.719,166.642,-0.3,0.9,0.4172
842,5993.63,358.14,1170.69,176.31,166.359,0.15,0.8,0.4
843,5993.98,359.16,1172.25,176.096,166.318,0.55,0.8,0.4
844,5993.44,360.15,1173.99,175.892,166.731,0.15,-0.35,0.4
845,5992.55,359.97,1175.63,176.758,167.527,-0.2,-0.75,0.4517
846,5992.19,359.72,1177.13,178.139,168.195,0.15,-0.3,0.4172
847,5992.42,358.97,1178.49,179.292,168.604,-0.3,0.8,0.4172
848,5992.94,358.86,1179.81,179.579,168.982,0.15,0.75,0.4
849,5992.92,358.99,1181.09,179.214,169.793,0.15,0.75,0.4
850,5992.38,359.0,1182.27,179.307,170.612,-0.2,-0.05,0.4517
851,5991.66,359.05,1183.34,179.442,171.475,0.15,-0.35,0.4
852,5990.75,359.41,1184.38,179.749,172.158,0.15,-0.85,0.4
853,5990.12,359.09,1185.39,179.248,173.224,-0.35,-0.45,0.4517
854,5990.17,358.67,1186.21,178.367,174.389,0.15,-0.3,0.4
855,5990.6,358.68,1186.92,177.96,175.359,0.15,0.8,0.4
856,5991.21,358.53,1187.57,177.708,176.691,0.0,0.9,0.4517
857,5991.95,358.16,1188.1,177.493,178.075,-0.35,0.75,0.4517
858,5992.78,357.67,1188.52,177.725,179.134,0.15,-0.35,0.4
859,5993.27,358.11,1188.92,178.306,179.235,0.55,-0.35,0.4
860,5993.44,358.57,1189.31,178.527,177.712,-0.35,-0.05,0.4517
861,5993.75,358.18,1189.63,178.369,176.568,-0.3,-0.05,0.4172
862,5994.31,357.85,1189.87,178.413,175.863,0.15,-0.35,0.4
863,5995.0,357.92,1189.97,178.434,175.651,0.15,0.8,0.4
864,5995.9,357.56,1189.95,178.49,175.827,0.0,0.75,0.4517
865,5996.64,357.85,1189.88,179.284,175.964,0.15,0.75,0.4345
866,5996.9,357.8,1189.73,179.694,176.117,-0.2,-0.05,0.4517
867,5997.07,358.32,1189.51,179.755,176.798,0.15,-0.3,0.5379
868,5997.06,358.96,1189.39,179.586,177.644,0.15,-0.45,0.4517
869,5997.14,358.91,1189.33,179.615,178.163,-0.3,-0.05,0.4517
870,5997.67,358.18,1189.18,179.354,178.474,-0.3,-0.3,0.4172
871,5998.61,357.88,1188.92,179.258,178.454,0.15,0.75,0.4
872,5999.43,358.13,1188.65,179.576,178.68,0.15,0.8,0.4
873,5999.81,358.28,1188.44,179.358,179.117,0.15,0.75,0.4
874,5999.78,358.19,1188.25,179.139,179.352,-0.2,-0.05,0.4517
875,5999.63,358.17,1187.97,178.967,179.537,0.15,-0.35,0.4
876,5999.26,359.3,1187.73,178.83,179.913,0.15,-0.35,0.6759
877,5998.95,359.32,1187.61,179.135,179.436,-0.2,-0.05,0.4517
878,5998.95,359.29,1187.46,179.318,179.345,0.15,-0.3,0.4345
879,5999.06,359.6,1187.33,179.363,179.241,0.15,0.75,0.4345
880,5999.33,359.46,1187.28,179.338,179.06,-0.3,-0.05,0.4517
881,5999.76,359.38,1187.19,179.334,178.474,0.15,0.75,0.4345
882,5999.8,359.87,1187.23,179.135,178.203,0.15,0.75,0.4345
883,5999.37,359.79,1187.27,178.964,178.629,-0.2,-0.05,0.4517
884,5998.78,359.92,1187.27,178.828,178.69,0.15,-0.3,0.4172
885,5997.94,360.41,1187.36,178.727,178.521,0.15,-0.45,0.4172
886,5997.16,360.27,1187.5,178.998,178.623,-0.3,-0.45,0.4172
887,5996.96,359.59,1187.51,179.045,179.173,-0.3,-0.3,0.4172
888,5997.28,359.29,1187.44,178.95,179.625,0.15,0.75,0.4
889,5997.49,359.61,1187.41,179.083,179.619,0.15,0.8,0.4
890,5997.36,360.02,1187.38,179.051,179.153,0.15,0.3,0.4345
891,5996.89,360.03,1187.34,178.948,179.152,-0.2,-0.05,0.4345
892,5996.36,360.19,1187.3,178.882,179.067,0.15,-0.3,0.4345
893,5995.71,360.69,1187.28,178.849,179.25,0.15,-0.65,0.4345
894,5995.28,360.52,1187.28,178.969,179.55,-0.3,-0.05,0.4517
895,5995.33,360.29,1187.21,178.933,179.637,0.15,-0.3,0.4345
896,5995.56,360.59,1187.13,178.834,179.693,0.15,0.75,0.4345
897,5996.11,360.26,1187.1,178.513,179.57,-0.3,-0.05,0.4345
898,5997.08,360.08,1186.99,178.384,179.706,0.15,0.75,0.4345
899,5997.94,360.61,1186.97,178.637,179.512,0.15,0.75,0.4345
900,5998.51,360.45,1187.02,178.677,179.503,-0.2,-0.05,0.4345
901,5999.09,360.6,1186.99,178.728,179.8,0.15,-0.3,0.4345
902,5999.59,360.7,1186.93,178.677,179.562,-0.2,-0.3,0.4345
903,6000.34,360.72,1186.81,178.579,179.252,0.15,-0.3,0.4345
904,6001.16,360.94,1186.75,178.609,178.972,0.15,0.75,0.4345
905,6001.92,360.79,1186.66,178.653,179.033,-0.3,0.9,0.4345
906,6002.67,360.37,1186.5,178.723,179.457,0.15,-0.3,0.4345
907,6003.32,360.73,1186.33,178.717,179.827,0.15,-0.05,0.4345
908,6004.08,360.28,1186.16,178.607,179.546,-0.3,0.9,0.4345
909,6004.85,360.05,1186.0,178.763,179.105,0.15,0.85,0.4345
910,6004.99,360.28,1185.85,178.681,178.939,0.15,0.85,0.4345
911,6004.53,360.18,1185.75,178.504,179.093,-0.2,-0.05,0.4345
912,6003.87,359.84,1185.56,178.482,179.513,-0.2,-0.3,0.4172
913,6003.1,360.09,1185.32,178.404,179.507,0.15,-0.35,0.4
914,6002.13,360.54,1185.17,178.345,179.255,0.15,-0.05,0.4345
915,6001.14,360.52,1185.07,178.547,179.366,-0.2,-0.05,0.4345
916,6000.41,360.56,1184.9,178.72,179.991,0.15,-0.3,0.4345
917,5999.82,360.58,1184.76,178.876,179.678,-0.2,-0.3,0.4345
918,5999.66,360.57,1184.65,178.942,179.758,0.15,-0.3,0.4345
919,5999.69,360.8,1184.57,178.92,179.744,0.15,0.85,0.4345
920,5999.77,360.64,1184.44,178.892,179.662,-0.3,-0.05,0.4345
921,5999.97,360.32,1184.21,178.891,179.337,0.15,-0.3,0.4345
922,6000.3,360.08,1183.95,178.721,179.267,-0.2,-0.3,0.4345
923,6001.15,359.26,1183.63,178.471,179.407,-0.3,0.85,0.4345
924,6002.1,359.03,1183.24,178.773,179.368,0.15,0.65,0.4
925,6002.51,359.43,1182.83,178.996,179.35,0.15,0.3,0.4345
926,6002.34,359.73,1182.45,178.828,179.501,0.15,-0.35,0.4345
927,6001.92,359.73,1182.13,178.907,179.356,-0.2,-0.05,0.4345
928,6001.61,359.88,1181.79,178.939,179.327,0.15,-0.35,0.4345
929,6001.11,360.43,1181.49,178.833,179.304,0.15,-0.05,0.4345
930,6000.55,360.46,1181.3,178.98,179.077,-0.2,-0.05,0.4345
931,6000.19,360.55,1181.14,179.118,178.797,0.15,-0.3,0.4345
932,5999.85,360.95,1181.02,179.144,178.897,0.15,-0.05,0.4345
933,5999.62,360.82,1180.92,179.196,179.06,-0.2,-0.05,0.4345
934,5999.73,360.79,1180.87,179.134,179.059,0.15,-0.3,0.4345
935,6000.01,360.74,1180.88,179.001,178.972,-0.2,-0.05,0.4345
936,6000.58,360.68,1180.81,178.963,178.892,0.15,0.85,0.4345
937,6000.98,361.12,1180.76,179.229,178.858,0.15,0.85,0.4345
938,6001.11,360.98,1180.77,179.29,178.764,-0.2,-0.05,0.4345
939,6001.33,360.78,1180.75,179.262,178.684,-0.2,-0.3,0.4345
940,6001.66,361.04,1180.75,179.331,178.66,0.15,-0.35,0.4345
941,6001.96,361.39,1180.78,179.387,178.519,0.15,-0.05,0.4345
942,6002.38,361.18,1180.81,179.168,178.444,-0.2,-0.05,0.4345
943,6003.11,361.08,1180.83,179.172,178.446,0.15,0.85,0.4345
944,6003.62,361.47,1180.9,179.588,178.356,0.15,0.85,0.4345
945,6003.84,361.27,1180.93,179.706,178.285,-0.2,-0.05,0.4345
946,6004.1,361.0,1180.9,179.705,178.353,-0.2,-0.3,0.4345
947,6004.43,361.26,1180.9,179.801,178.356,0.15,-0.3,0.4345
948,6004.69,361.61,1180.93,179.877,178.311,0.15,-0.05,0.4345
949,6005.01,361.41,1181.03,179.577,178.192,-0.2,-0.05,0.4345
950,6005.59,361.32,1181.06,179.532,178.26,0.15,0.85,0.4345
951,6005.98,361.32,1181.08,179.762,178.274,-0.2,0.85,0.4345
952,6006.27,360.82,1181.1,179.782,178.16,-0.2,-0.3,0.4345
953,6006.49,361.06,1181.11,179.771,178.148,0.15,-0.35,0.4345
954,6006.54,361.44,1181.12,179.708,178.233,0.15,-0.05,0.4345
955,6006.61,361.33,1181.14,179.634,178.235,-0.2,-0.05,0.4345
956,6006.89,361.28,1181.16,179.587,178.207,0.15,0.85,0.4345
957,6006.93,361.31,1181.15,179.541,178.187,-0.2,0.85,0.4345
958,6006.75,361.21,1181.14,179.276,178.112,0.15,-0.05,0.4345
959,6006.24,361.17,1181.1,179.22,178.103,-0.2,-0.65,0.4345
960,6005.94,361.12,1181.02,179.349,178.109,0.15,-0.3,0.4345
961,6005.67,361.43,1181.02,179.288,178.128,0.15,0.85,0.4345
962,6005.32,361.2,1181.02,179.326,178.052,-0.2,-0.05,0.4345
963,6005.19,360.88,1181.07,179.326,177.734,-0.2,-0.3,0.4345
964,6005.29,361.04,1181.16,179.211,177.954,0.15,-0.3,0.4345
965,6005.41,361.27,1181.29,179.198,178.233,0.15,0.85,0.4345
966,6005.45,361.09,1181.38,179.218,178.098,-0.2,-0.05,0.4345
967,6005.46,360.77,1181.38,179.211,178.054,0.15,-0.3,0.4345
968,6005.48,360.67,1181.38,179.156,178.014,-0.2,-0.05,0.4345
969,6006.02,359.68,1181.22,178.811,177.979,-0.3,0.85,0.4345
970,6006.66,359.57,1180.96,179.073,178.159,0.15,0.65,0.4345
971,6006.67,359.84,1180.74,179.046,178.23,0.15,0.95,0.4345
972,6006.08,359.62,1180.51,178.76,178.263,-0.2,-0.05,0.4345
973,6005.24,359.61,1180.23,178.555,178.285,0.15,-0.65,0.4345
974,6004.24,360.15,1180.03,178.56,178.274,0.15,-0.65,0.4345
975,6003.42,359.97,1179.85,178.943,178.308,-0.2,-0.05,0.4345
976,6003.06,359.85,1179.68,179.093,178.246,0.15,-0.3,0.4345
977,6002.98,359.71,1179.51,179.059,178.31,-0.2,0.85,0.4345
978,6003.33,359.48,1179.27,178.953,178.225,0.0,0.85,0.4345
979,6003.5,359.94,1179.13,179.068,178.199,0.15,0.65,0.4345
980,6003.31,359.96,1179.04,179.037,178.113,-0.2,-0.05,0.4345
981,6003.11,360.05,1178.87,178.989,178.083,0.15,-0.3,0.4345
982,6002.83,360.13,1178.71,178.969,178.185,-0.2,-0.05,0.4345
983,6002.68,360.12,1178.57,178.951,178.24,0.15,-0.3,0.4345
984,6002.54,360.45,1178.44,178.943,178.263,0.15,-0.05,0.4345
985,6002.52,360.24,1178.35,178.956,178.248,-0.2,-0.05,0.4345
986,6002.84,360.18,1178.18,178.875,178.214,0.15,-0.3,0.4345
987,6003.34,360.0,1177.98,178.773,178.148,-0.2,0.85,0.4345
988,6004.0,359.95,1177.77,178.833,178.04,0.15,0.85,0.4345
989,6004.36,359.95,1177.54,178.909,178.094,-0.2,0.85,0.4345
990,6004.49,359.42,1177.29,178.833,178.249,-0.2,-0.05,0.4345
991,6004.33,359.6,1176.97,178.65,178.346,0.15,-0.35,0.4345
992,6003.86,359.73,1176.69,178.563,178.38,-0.2,-0.05,0.4345
993,6003.43,359.73,1176.49,178.557,178.051,0.15,-0.35,0.4345
994,6003.01,360.11,1176.38,178.585,178.076,0.15,-0.35,0.4345
995,6002.77,359.91,1176.25,178.666,178.423,-0.2,-0.05,0.4345
996,6002.92,359.81,1176.01,178.634,178.605,0.15,0.85,0.4345
997,6002.93,360.23,1175.78,178.648,178.54,0.15,0.85,0.4345
998,6002.7,360.05,1175.6,178.655,178.378,-0.2,-0.05,0.4345
999,6002.56,359.67,1175.3,178.693,178.206,-0.2,-0.65,0.4345
1000,6002.7,359.72,1174.92,178.672,178.494,0.15,-0.3,0.4345
